playlist,track_name,artist,preview_url
HymnğŸŒ¥ï¸ğŸ©¶,Love Yourself,Justin Bieber,
HymnğŸŒ¥ï¸ğŸ©¶,Sorry,Justin Bieber,
HymnğŸŒ¥ï¸ğŸ©¶,Say You Won't Let Go,James Arthur,
HymnğŸŒ¥ï¸ğŸ©¶,Can I Be Him,James Arthur,
HymnğŸŒ¥ï¸ğŸ©¶,Treat You Better,Shawn Mendes,
HymnğŸŒ¥ï¸ğŸ©¶,When We Were Young,Adele,
HymnğŸŒ¥ï¸ğŸ©¶,Supermarket Flowers,Ed Sheeran,
HymnğŸŒ¥ï¸ğŸ©¶,What Do You Mean?,Justin Bieber,
HymnğŸŒ¥ï¸ğŸ©¶,Calm Down (with Selena Gomez),Rema,
HymnğŸŒ¥ï¸ğŸ©¶,Stitches,Shawn Mendes,
HymnğŸŒ¥ï¸ğŸ©¶,Mercy,Shawn Mendes,
HymnğŸŒ¥ï¸ğŸ©¶,Story of My Life,One Direction,
HymnğŸŒ¥ï¸ğŸ©¶,Too Good At Goodbyes,Sam Smith,
HymnğŸŒ¥ï¸ğŸ©¶,Just the Way You Are,Bruno Mars,
HymnğŸŒ¥ï¸ğŸ©¶,Happier,Ed Sheeran,
HymnğŸŒ¥ï¸ğŸ©¶,I Donâ€™t Wanna Live Forever (Fifty Shades Darker),ZAYN,
HymnğŸŒ¥ï¸ğŸ©¶,One Last Time,Ariana Grande,
HymnğŸŒ¥ï¸ğŸ©¶,Locked Away (feat. Adam Levine),R. City,
HymnğŸŒ¥ï¸ğŸ©¶,Scars To Your Beautiful,Alessia Cara,
HymnğŸŒ¥ï¸ğŸ©¶,Paris,The Chainsmokers,
HymnğŸŒ¥ï¸ğŸ©¶,Love Me Like You Do,Ellie Goulding,
HymnğŸŒ¥ï¸ğŸ©¶,Wildest Dreams,Taylor Swift,
HymnğŸŒ¥ï¸ğŸ©¶,Back To You - From 13 Reasons Why â€“ Season 2 Soundtrack,Selena Gomez,
HymnğŸŒ¥ï¸ğŸ©¶,Blank Space,Taylor Swift,
HymnğŸŒ¥ï¸ğŸ©¶,APT.,ROSÃ‰,
HymnğŸŒ¥ï¸ğŸ©¶,I Like Me Better,Lauv,
HymnğŸŒ¥ï¸ğŸ©¶,If the World Was Ending (feat. Julia Michaels),JP Saxe,
HymnğŸŒ¥ï¸ğŸ©¶,Falling,Harry Styles,
HymnğŸŒ¥ï¸ğŸ©¶,happier,Olivia Rodrigo,
Feels ğŸ¤,"Hey Minnale (From ""Amaran"") (Tamil)",G. V. Prakash,
Feels ğŸ¤,"Nira - From ""Takkar""",Sid Sriram,
Feels ğŸ¤,"Adi Kattazhagu Karuvaachi - From ""Kalvan""",G. V. Prakash,
Feels ğŸ¤,Ayyayo,G. V. Prakash,
Feels ğŸ¤,Koodha Kaathu,D. Imman,
Feels ğŸ¤,"Adiye - From ""Bachelor""",Dhibu Ninan Thomas,
Feels ğŸ¤,"Kangal Edho - From ""Chithha""",Dhibu Ninan Thomas,
Feels ğŸ¤,Kannmoodi thirakkum,Devi Sri Prasad,
Feels ğŸ¤,"Chinna Chinna Kangal (From ""The Greatest Of All Time"")",Thalapathy Vijay,
Feels ğŸ¤,Yedhedho Pennae,G. V. Prakash,
Feels ğŸ¤,"Ennai Vittu (From ""Love Today"")",Yuvan Shankar Raja,
Feels ğŸ¤,"Oh Oh (From ""Thanga Magan"") - The First Love of Tamizh",Anirudh Ravichander,
Feels ğŸ¤,Po Nee Po - The Pain of Love,Anirudh Ravichander,
Feels ğŸ¤,Adi Penne (Duet) - From Naam Series,Stephen Zechariah,
Feels ğŸ¤,Idhazhin Oram - The Innocence of Love,Anirudh Ravichander,
Feels ğŸ¤,Para Para,N.R. Raghunanthan,
Feels ğŸ¤,"Dhinam Dhinamum (From ""Viduthalai 2"")",Ilaiyaraaja,
Feels ğŸ¤,Nila Nee Vaanam,Sabesh Murali,
Feels ğŸ¤,Life of Pazham,Anirudh Ravichander,
Feels ğŸ¤,Mannipaaya,A.R. Rahman,
Feels ğŸ¤,Machaan Machaan,Yuvan Shankar Raja,
Feels ğŸ¤,Kona Kondakari,N.R. Raghunanthan,
Feels ğŸ¤,Mazhaiye Mazhaiye,Thaman S,
Feels ğŸ¤,Chotta Chotta,C. Sathya,
Feels ğŸ¤,Maari's Aanandhi,Ilaiyaraaja,
Feels ğŸ¤,Kannukkulle,Unni Menon,
Feels ğŸ¤,Mazhai Vara Pogudhae,Harris Jayaraj,
Feels ğŸ¤,Thulasi Chediya,Hariharan,
Feels ğŸ¤,Pirai Thedum,Saindhavi,
Feels ğŸ¤,Kan Rendum,M.S.Jones Rupert,
Feels ğŸ¤,Vaartha Onnu,KK,
Feels ğŸ¤,Orey Oru,Devi Sri Prasad,
Feels ğŸ¤,Kannoram - From Naam Series,Stephen Zechariah,
Feels ğŸ¤,Manasula Soora Kaathey,Santhosh Narayanan,
Feels ğŸ¤,Kaathodu Kaathanen,G. V. Prakash,
Feels ğŸ¤,Iravaaga Nee,G. V. Prakash,
Feels ğŸ¤,Endha Pakkam,Radhul Nambiar,
Feels ğŸ¤,Oh Baby,Yuvan Shankar Raja,
Feels ğŸ¤,Naetru Aval Irundhal,A.R. Rahman,
Feels ğŸ¤,Innum Konjam Naeram,A.R. Rahman,
Feels ğŸ¤,"Chillanjirukkiye (From ""Lubber Pandhu"")",Sean Roldan,
Feels ğŸ¤,Enna Nadanthalum,Hiphop Tamizha,
Feels ğŸ¤,Konjam -1,Armaan Malik,
Feels ğŸ¤,Agasatha,Santhosh Narayanan,
Feels ğŸ¤,Thean Kudika,Teejay,
Feels ğŸ¤,Oru Kili Oru Kili,Satish Chakravarthy,
Feels ğŸ¤,The Romance Of Power Paandi - Venpani Malare (Male),Sean Roldan,
Feels ğŸ¤,Yedho Ondru Ennai,Yuvan Shankar Raja,
Feels ğŸ¤,Aagaya Suriyanai,Harish Raghavendra,
Feels ğŸ¤,Naan Sonnadhum Mazhai,Naresh Iyer,
Feels ğŸ¤,Vinmeen,Nivas K Prasanna,
Feels ğŸ¤,Usuraiya Tholaichaen,Stephen Zechariah,
Feels ğŸ¤,Kodi Aruvi,Sean Roldan,
Feels ğŸ¤,Ammadi Un Azhagu,D. Imman,
Feels ğŸ¤,Thee Illai,Harris Jayaraj,
Feels ğŸ¤,Yaaro Ivan,G. V. Prakash,
Feels ğŸ¤,"Amma Amma (From ""Velai Illa Pattadhaari"")",Anirudh Ravichander,
Feels ğŸ¤,Kannamma,Pradeep Kumar,
Feels ğŸ¤,Ennai Kollathey,Kumaresh,
Feels ğŸ¤,Paathagathi Kannupattu,Yuvan Shankar Raja,
Feels ğŸ¤,Enakkoru Snehidhi,S.A. Rajkumar,
Feels ğŸ¤,Ennavo Ennavo,S.A. Rajkumar,
Feels ğŸ¤,Thodu Thoduveneve - Language: Tamil; Film: Thullatha Manamum Thullum; Film Artist 1: Vijay; Film Artist 2: Simran,Hariharan,
Feels ğŸ¤,"Moongil Kaadugalae (From ""Samurai"")",Hariharan,
Feels ğŸ¤,Yennachu Yedhachu,G. V. Prakash,
Feels ğŸ¤,"Yedi (From ""Nilavuku En Mel Ennadi Kobam"")",G. V. Prakash,
Feels ğŸ¤,"Thaniye (From ""Vidaamuyarchi"")",Anirudh Ravichander,
Feels ğŸ¤,Kolladhey,G. V. Prakash,
Feels ğŸ¤,"Yendi Vittu Pona - From ""Dragon""",Leon James,
Feels ğŸ¤,"Kannadi Poove (From ""Retro"")",Santhosh Narayanan,
Feels ğŸ¤,Roja Kadale,Harris Jayaraj,
RetroğŸŒ™â˜ï¸,Maalayil Yaro Manathodu,Swarnalatha,
RetroğŸŒ™â˜ï¸,Mayanginen Solla Thayanginen,Ilaiyaraaja,
RetroğŸŒ™â˜ï¸,Nilaave Vaa,Ilaiyaraaja,
RetroğŸŒ™â˜ï¸,Sangeetha Megam,S. P. Balasubrahmanyam,
RetroğŸŒ™â˜ï¸,Ilaya Nila,Ilaiyaraaja,
RetroğŸŒ™â˜ï¸,Ninaivo Oru,S. Janaki,
RetroğŸŒ™â˜ï¸,Poove Sem Poove - Male,K. J. Yesudas,
RetroğŸŒ™â˜ï¸,"Valaiyosai (From ""Sathya"")",Ilaiyaraaja,
RetroğŸŒ™â˜ï¸,Thenmadurai Vaigai Nadhi,Ilaiyaraaja,
RetroğŸŒ™â˜ï¸,Poththi Vachcha,S. P. Balasubrahmanyam,
RetroğŸŒ™â˜ï¸,"Kathal Oviyam - From ""Alaigal Oyvatillai""",Jensy,
RetroğŸŒ™â˜ï¸,Vaa Vaa Anbe,K. J. Yesudas,
RetroğŸŒ™â˜ï¸,Chinna Ponnu Selai,Ilaiyaraaja,
RetroğŸŒ™â˜ï¸,Kalyaana Thaen Nilaa,K J Yesudas K S Chithra,
RetroğŸŒ™â˜ï¸,Nenjukkule Innarendru,S. P. Balasubrahmanyam,
RetroğŸŒ™â˜ï¸,Raja Raja Chozhan,K. J. Yesudas,
RetroğŸŒ™â˜ï¸,"Sempoove Poove (From ""Sirai Chalai"")",S. P. Balasubrahmanyam,
